operation,time,mem
load_dataset,0.006792545318603516,688.0
fill_nan,0.0017230510711669922,64.0
sort,0.004796504974365234,544.0
