operation,time,mem
load_data,0.004945278167724609,648.0
fill_nan,0.0020329952239990234,64.0
sort,0.004144191741943359,572.0
